Dominio1,Dominio2,%Identidad,RMSD
4C9Qcif_A,4C9Qcif_B,100.0,5.549
4C9Qcif_A,4C9Hcif_A,90.91,13.386
4C9Qcif_A,4C9Hcif_B,90.67,10.553
4C9Qcif_A,4C9Gcif,90.87,14.492
4C9Qcif_A,1OKCcif,54.91,18.561
4C9Qcif_A,2C3Ecif,54.91,17.393
4C9Qcif_B,4C9Hcif_A,91.01,11.974
4C9Qcif_B,4C9Hcif_B,91.01,9.96
4C9Qcif_B,4C9Gcif,90.94,16.769
4C9Qcif_B,1OKCcif,55.07,18.532
4C9Qcif_B,2C3Ecif,55.23,16.949
4C9Hcif_A,4C9Hcif_B,100.0,7.252
4C9Hcif_A,4C9Gcif,99.24,20.367
4C9Hcif_A,1OKCcif,56.6,11.994
4C9Hcif_A,2C3Ecif,56.6,9.591
4C9Hcif_B,4C9Gcif,99.24,16.94
4C9Hcif_B,1OKCcif,56.6,15.455
4C9Hcif_B,2C3Ecif,56.6,10.642
4C9Gcif,1OKCcif,57.47,20.314
4C9Gcif,2C3Ecif,57.47,19.354
1OKCcif,2C3Ecif,100.0,10.597
